test_name,implementation,features,samples,missing_ratio,workers,workload,runtime_sec,sweep
chi2,python_ref,20,500,0.1,4,50,0.07691799999975046,features
chi2,vectorized,20,500,0.1,4,50,0.032517900000129885,features
chi2,dask,20,500,0.1,4,50,0.035767500000019936,features
chi2,dask_numba,20,500,0.1,4,50,0.029226000000107888,features
chi2,napy,20,500,0.1,4,50,0.0011437000002842979,features
chi2,python_ref,50,500,0.1,4,50,0.5373005999999805,features
chi2,vectorized,50,500,0.1,4,50,0.2277158000001691,features
chi2,dask,50,500,0.1,4,50,0.19000840000035168,features
chi2,dask_numba,50,500,0.1,4,50,0.14613759999974718,features
chi2,napy,50,500,0.1,4,50,0.004095499999948515,features
chi2,python_ref,100,500,0.1,4,50,2.1651498000001084,features
chi2,vectorized,100,500,0.1,4,50,0.9008066999999755,features
chi2,dask,100,500,0.1,4,50,0.6784913999999844,features
chi2,dask_numba,100,500,0.1,4,50,0.5431705000000875,features
chi2,napy,100,500,0.1,4,50,0.012522399999852496,features
chi2,python_ref,150,500,0.1,4,50,4.800728100000015,features
chi2,vectorized,150,500,0.1,4,50,2.106116700000257,features
chi2,dask,150,500,0.1,4,50,1.6208682000001318,features
chi2,dask_numba,150,500,0.1,4,50,1.4434889999997722,features
chi2,napy,150,500,0.1,4,50,0.02774509999971997,features
chi2,python_ref,200,500,0.1,4,50,8.80241049999995,features
chi2,vectorized,200,500,0.1,4,50,3.5651960000000145,features
chi2,dask,200,500,0.1,4,50,2.8900853000000097,features
chi2,dask_numba,200,500,0.1,4,50,2.3593761000001905,features
chi2,napy,200,500,0.1,4,50,0.05027760000029957,features
chi2,python_ref,300,500,0.1,4,50,19.311334500000157,features
chi2,vectorized,300,500,0.1,4,50,7.735612200000105,features
chi2,dask,300,500,0.1,4,50,6.345923400000174,features
chi2,dask_numba,300,500,0.1,4,50,6.599865399999544,features
chi2,napy,300,500,0.1,4,50,0.10656300000027841,features
chi2,python_ref,100,100,0.1,4,50,0.8256439999995564,samples
chi2,vectorized,100,100,0.1,4,50,0.779245699999592,samples
chi2,dask,100,100,0.1,4,50,0.6833588999998028,samples
chi2,dask_numba,100,100,0.1,4,50,0.7457368000004863,samples
chi2,napy,100,100,0.1,4,50,0.006073900000046706,samples
chi2,python_ref,100,250,0.1,4,50,2.2241023000005953,samples
chi2,vectorized,100,250,0.1,4,50,0.7695882000007259,samples
chi2,dask,100,250,0.1,4,50,0.7297610999994504,samples
chi2,dask_numba,100,250,0.1,4,50,0.7084460999994917,samples
chi2,napy,100,250,0.1,4,50,0.0074748000006366055,samples
chi2,python_ref,100,500,0.1,4,50,2.69202789999963,samples
chi2,vectorized,100,500,0.1,4,50,1.2229948000003787,samples
chi2,dask,100,500,0.1,4,50,1.3469973999999638,samples
chi2,dask_numba,100,500,0.1,4,50,1.3486772999995083,samples
chi2,napy,100,500,0.1,4,50,0.018761400000585127,samples
chi2,python_ref,100,1000,0.1,4,50,3.961375200000475,samples
chi2,vectorized,100,1000,0.1,4,50,0.9521964000005028,samples
chi2,dask,100,1000,0.1,4,50,0.8579513000004226,samples
chi2,dask_numba,100,1000,0.1,4,50,0.8016749999997046,samples
chi2,napy,100,1000,0.1,4,50,0.02032839999992575,samples
chi2,python_ref,100,2000,0.1,4,50,6.566614700000173,samples
chi2,vectorized,100,2000,0.1,4,50,1.296621800000139,samples
chi2,dask,100,2000,0.1,4,50,1.0083827999997084,samples
chi2,dask_numba,100,2000,0.1,4,50,0.8559653000002072,samples
chi2,napy,100,2000,0.1,4,50,0.039644200000111596,samples
chi2,dask,200,500,0.1,4,5,30.601739100000486,workload
chi2,dask_numba,200,500,0.1,4,5,30.33237569999983,workload
chi2,dask,200,500,0.1,4,10,16.652426099999502,workload
chi2,dask_numba,200,500,0.1,4,10,7.964109200000166,workload
chi2,dask,200,500,0.1,4,25,4.05023220000021,workload
chi2,dask_numba,200,500,0.1,4,25,3.336606099999699,workload
chi2,dask,200,500,0.1,4,50,2.6457116000001406,workload
chi2,dask_numba,200,500,0.1,4,50,2.3620409000004656,workload
chi2,dask,200,500,0.1,4,100,2.344851299999391,workload
chi2,dask_numba,200,500,0.1,4,100,1.7918300999999701,workload
chi2,dask,200,500,0.1,4,200,1.9002407999996649,workload
chi2,dask_numba,200,500,0.1,4,200,1.5067324000001463,workload
chi2,dask,200,500,0.1,4,400,2.0599646999999095,workload
chi2,dask_numba,200,500,0.1,4,400,1.3795706000000791,workload
ttest,python_ref,20,500,0.1,4,50,0.11260379999930592,features
ttest,vectorized,20,500,0.1,4,50,0.05940029999965191,features
ttest,dask,20,500,0.1,4,50,0.06625999999960186,features
ttest,dask_numba,20,500,0.1,4,50,0.05649470000025758,features
ttest,napy,20,500,0.1,4,50,0.0006438000000343891,features
ttest,python_ref,50,500,0.1,4,50,0.6580027999998492,features
ttest,vectorized,50,500,0.1,4,50,0.35088569999970787,features
ttest,dask,50,500,0.1,4,50,0.299366000000191,features
ttest,dask_numba,50,500,0.1,4,50,0.2592485000004672,features
ttest,napy,50,500,0.1,4,50,0.004529499999989639,features
ttest,python_ref,100,500,0.1,4,50,2.961866199999349,features
ttest,vectorized,100,500,0.1,4,50,1.617835600000035,features
ttest,dask,100,500,0.1,4,50,1.4657966000004308,features
ttest,dask_numba,100,500,0.1,4,50,1.1719038000001092,features
ttest,napy,100,500,0.1,4,50,0.018072000000756816,features
ttest,python_ref,150,500,0.1,4,50,6.248816400000578,features
ttest,vectorized,150,500,0.1,4,50,3.279427599999508,features
ttest,dask,150,500,0.1,4,50,2.767072399999961,features
ttest,dask_numba,150,500,0.1,4,50,2.632395699999506,features
ttest,napy,150,500,0.1,4,50,0.037875699999858625,features
ttest,python_ref,200,500,0.1,4,50,10.889335900000333,features
ttest,vectorized,200,500,0.1,4,50,6.036120100000517,features
ttest,dask,200,500,0.1,4,50,6.121655300000384,features
ttest,dask_numba,200,500,0.1,4,50,5.488944099999571,features
ttest,napy,200,500,0.1,4,50,0.07595880000008037,features
ttest,python_ref,300,500,0.1,4,50,26.215868300000693,features
ttest,vectorized,300,500,0.1,4,50,14.199796800000513,features
ttest,dask,300,500,0.1,4,50,19.797170999999253,features
ttest,dask_numba,300,500,0.1,4,50,17.58838090000063,features
ttest,napy,300,500,0.1,4,50,0.18892669999968348,features
ttest,python_ref,100,100,0.1,4,50,1.3031097000002774,samples
ttest,vectorized,100,100,0.1,4,50,1.4363045000000056,samples
ttest,dask,100,100,0.1,4,50,1.932517000000189,samples
ttest,dask_numba,100,100,0.1,4,50,1.552767400000448,samples
ttest,napy,100,100,0.1,4,50,0.009043099999871629,samples
ttest,python_ref,100,250,0.1,4,50,1.8833058999998684,samples
ttest,vectorized,100,250,0.1,4,50,1.5034824000003937,samples
ttest,dask,100,250,0.1,4,50,1.9817376999999397,samples
ttest,dask_numba,100,250,0.1,4,50,1.7609986999996181,samples
ttest,napy,100,250,0.1,4,50,0.013575800000580784,samples
ttest,python_ref,100,500,0.1,4,50,3.278713499999867,samples
ttest,vectorized,100,500,0.1,4,50,1.7292680999998993,samples
ttest,dask,100,500,0.1,4,50,2.09977600000002,samples
ttest,dask_numba,100,500,0.1,4,50,1.8694744999993418,samples
ttest,napy,100,500,0.1,4,50,0.01993970000057743,samples
ttest,python_ref,100,1000,0.1,4,50,5.095039599999836,samples
ttest,vectorized,100,1000,0.1,4,50,1.698626599999443,samples
ttest,dask,100,1000,0.1,4,50,1.7297302000006312,samples
ttest,dask_numba,100,1000,0.1,4,50,1.2243932999999743,samples
ttest,napy,100,1000,0.1,4,50,0.032603400000880356,samples
ttest,python_ref,100,2000,0.1,4,50,8.98170250000021,samples
ttest,vectorized,100,2000,0.1,4,50,1.8088218000002598,samples
ttest,dask,100,2000,0.1,4,50,1.5499738999997135,samples
ttest,dask_numba,100,2000,0.1,4,50,1.4476666999998997,samples
ttest,napy,100,2000,0.1,4,50,0.06235709999964456,samples
ttest,dask,200,500,0.1,4,5,61.13639420000072,workload
ttest,dask_numba,200,500,0.1,4,5,70.5498563000001,workload
ttest,dask,200,500,0.1,4,10,22.97074210000028,workload
ttest,dask_numba,200,500,0.1,4,10,30.079392100000405,workload
ttest,dask,200,500,0.1,4,25,7.41122759999962,workload
ttest,dask_numba,200,500,0.1,4,25,7.617511800000102,workload
ttest,dask,200,500,0.1,4,50,5.021648199999618,workload
ttest,dask_numba,200,500,0.1,4,50,4.481932100000449,workload
ttest,dask,200,500,0.1,4,100,4.1900471999997535,workload
ttest,dask_numba,200,500,0.1,4,100,3.282751000000644,workload
ttest,dask,200,500,0.1,4,200,3.9074259999997594,workload
ttest,dask_numba,200,500,0.1,4,200,2.702663800000664,workload
ttest,dask,200,500,0.1,4,400,3.571046699999897,workload
ttest,dask_numba,200,500,0.1,4,400,2.353003900000658,workload
